algo,n,time_ms_mean,time_ms_sd,gap_mean,value_mean
bnb,5,0.03063500189455226,0.012006372590610312,0.0,151.0
bnb,10,0.1700549983070232,0.031659081771620495,0.0,220.0
bnb,15,0.5474299992783926,0.1724315727949625,0.0,266.0
dp,5,0.06873499951325357,0.03581796281859894,0.0,151.0
dp,10,0.11733000137610361,0.024740104869396744,0.0,220.0
dp,15,0.15028500056359917,0.05830929697232541,0.0,266.0
greedy,5,0.004100003570783883,0.006619431084456632,0.0,151.0
greedy,10,0.004759998410008848,0.001519141870547776,0.0,220.0
greedy,15,0.006215002213139087,0.003207766554632554,0.022556390977443608,260.0
