algo,n,time_ms_mean,time_ms_sd,gap_mean,value_mean
bnb,10,0.33100000000558794,0.006120457517593374,0.0,153.0
bnb,20,2.9762800000753487,0.5020030449629092,0.0,175.0
bnb,30,6.531880000056844,0.31438584094542354,0.0,192.0
dp,10,0.10755999992397847,0.008442629779312514,0.0,153.0
dp,20,0.25400000013178214,0.07067404034781824,0.0,175.0
dp,30,0.2958399998533423,0.0055043620015728986,0.0,192.0
greedy,10,0.006579999990208307,0.004009613557770373,0.0,153.0
greedy,20,0.012420000075508142,0.005034580391595932,0.011428571428571429,173.0
greedy,30,0.013219999982538866,0.00247224604400559,0.005208333333333333,191.0
